night,AsleepUnspecified,Awake,Core,Deep,InBed,REM,TotalSleepHours
2025-03-10,0.688722,0.157404,2.945431,1.023052,6.015943,1.201334,5.858539
2025-03-11,0.992861,0.2435,3.019916,0.934942,6.515345,1.324127,6.271845
2025-03-12,1.274757,0.014093,2.616953,0.865892,6.19263,1.420935,6.178538
2025-03-13,1.051643,0.372691,3.248467,1.181124,7.544359,1.690434,7.171668
2025-03-14,0.499552,0.001975,3.524625,0.971325,6.372504,1.375027,6.370529
2025-03-15,1.116122,0.333866,4.037138,1.231791,8.720283,2.001366,8.386417
2025-03-16,1.152466,0.188159,4.479179,1.448052,9.199436,1.931581,9.011277
2025-03-17,1.227359,0.128656,3.792848,1.029847,7.973038,1.794329,7.844382
2025-03-18,0.616669,0.146273,4.27816,1.461012,8.441182,1.939069,8.294909
2025-03-19,1.442106,0.140289,3.251662,1.023855,7.452629,1.594718,7.31234
2025-03-20,1.32434,0.022458,3.123596,1.128061,7.250928,1.652474,7.22847
2025-03-21,0.523505,0.359545,4.249787,1.244457,8.091442,1.714148,7.731897
2025-03-22,0.114272,0.203755,4.081067,0.982943,6.903371,1.521334,6.699616
2025-03-23,0.775409,0.2353,2.715077,0.754455,5.757778,1.277538,5.522479
2025-03-24,0.0,0.40499,3.176791,0.798779,5.128341,1.066115,5.041685
2025-03-25,0.861797,0.060234,3.475951,0.964225,6.833151,1.470944,6.772917
2025-03-26,0.677416,0.02387,3.998508,1.198364,7.645836,1.747678,7.621966
2025-03-27,1.124833,0.533782,3.762577,1.160882,8.339664,1.75759,7.805882
2025-03-29,0.654639,0.027473,4.285065,1.372538,8.263334,1.923618,8.235861
2025-03-30,0.61264,0.241796,3.457751,1.151946,6.958491,1.494357,6.716695
2025-03-31,0.873752,0.204935,3.507431,1.18702,7.395701,1.622564,7.190767
2025-04-01,0.723248,0.129967,3.389556,1.00613,6.752961,1.504059,6.622994
2025-04-02,0.691214,0.075863,4.692052,1.194597,8.624837,1.971112,8.548974
2025-04-03,0.336224,0.442974,3.621649,1.176839,7.178016,1.60033,6.735042
2025-04-04,0.69578,0.056116,3.325504,1.104179,6.697339,1.515759,6.641222
2025-04-05,1.332118,0.08383,3.431827,1.150379,7.810858,1.812705,7.727028
2025-04-06,1.155672,0.041708,3.754475,1.027696,7.700452,1.720901,7.658743
2025-04-07,0.874384,0.3424,3.624257,1.15318,7.624045,1.629824,7.281645
2025-04-08,1.269449,0.17386,3.78474,1.363908,8.594672,2.002715,8.420811
2025-04-09,0.735087,0.02782,3.410295,0.879465,6.442602,1.389935,6.414783
2025-04-10,0.095896,0.304159,3.316532,1.139762,6.3536,1.497251,6.049441
2025-04-11,0.867118,0.075423,4.20383,1.31052,8.137719,1.680829,8.062297
2025-04-12,1.098364,0.03869,3.65104,1.188884,7.578903,1.601924,7.540213
2025-04-13,0.882215,0.284572,4.178456,1.208509,8.363947,1.810194,8.079374
2025-04-14,0.454925,0.180125,3.334393,0.986708,6.26348,1.307328,6.083355
2025-04-15,1.378351,0.069133,2.938309,1.071755,6.992267,1.534719,6.923134
2025-04-16,1.596418,0.061764,3.597546,1.286705,8.36851,1.826077,8.306746
2025-04-17,0.61905,0.582702,3.673805,1.164071,7.793275,1.753647,7.210573
2025-04-18,1.07996,0.031066,3.108837,0.928478,6.572079,1.423738,6.541013
2025-04-19,1.308352,0.020542,4.323038,1.214431,8.858583,1.99222,8.838041
2025-04-20,1.068369,0.229563,4.044958,1.524278,8.846643,1.979476,8.61708
2025-04-21,0.145201,0.847262,4.203148,1.392662,8.472618,1.884344,7.625356
2025-04-22,0.481897,0.320449,4.655205,1.179483,8.590485,1.953451,8.270036
2025-04-23,0.80992,0.112474,3.839637,1.296416,7.627093,1.568645,7.514619
2025-04-24,1.07453,0.267449,4.052541,1.29859,8.569144,1.876034,8.301696
2025-04-25,0.693454,0.255348,3.614948,1.129168,7.372537,1.67962,7.117189
2025-04-26,1.534297,0.053584,4.04709,1.370308,8.949854,1.944574,8.896269
2025-04-27,1.316214,0.342601,4.082101,1.344913,9.128938,2.04311,8.786337
2025-04-28,0.615406,0.494946,3.153811,1.044273,6.813663,1.505227,6.318717
2025-04-29,0.925341,0.021107,3.648641,1.015169,7.105527,1.49527,7.084421
2025-04-30,0.0,0.70512,3.875196,1.032269,7.051196,1.498231,6.405696
2025-05-01,0.946209,0.011658,3.067038,0.913099,6.313119,1.375115,6.30146
2025-05-02,0.788379,0.118077,4.153766,1.356623,8.225528,1.808683,8.107451
2025-05-03,0.669998,0.014664,3.52941,1.145974,6.730438,1.370392,6.715774
2025-05-04,0.751549,0.11315,3.824431,1.280966,7.642851,1.672755,7.529701
2025-05-05,0.773156,0.198861,4.28184,1.436961,8.426482,1.735665,8.227621
2025-05-06,0.935251,0.141062,3.182426,0.927438,6.766735,1.580557,6.625673
2025-05-07,0.65093,0.001731,3.928144,1.028788,7.234378,1.624785,7.232647
2025-05-09,1.732144,0.253218,3.471762,1.295243,8.646028,1.893661,8.39281
2025-05-10,0.444224,0.047338,3.537874,1.027526,6.612671,1.555709,6.565333
2025-05-11,0.784032,0.403499,4.425631,1.134917,8.59607,1.847991,8.192571
2025-05-12,1.717415,0.088865,2.536108,1.075438,6.820769,1.402944,6.731905
2025-05-13,1.148049,0.322707,1.891633,0.903797,5.482661,1.216475,5.159954
2025-05-14,0.590299,0.1247,4.553552,1.081325,8.137325,1.787447,8.012624
2025-05-15,0.50058,0.199687,3.813676,1.092264,7.251384,1.645177,7.051697
2025-05-16,1.137458,0.118434,3.310045,1.102314,7.184703,1.516452,7.066269
2025-05-17,0.735782,0.247866,3.325817,1.112005,6.934424,1.512953,6.686558
2025-05-18,0.895114,0.02319,3.332585,1.061805,6.64383,1.331136,6.62064
2025-05-19,1.048743,0.299957,3.673598,1.279317,7.980261,1.678645,7.680304
2025-05-20,1.023755,0.05708,4.256113,1.231085,8.361437,1.793402,8.304356
2025-05-21,1.371936,0.054624,4.275669,1.241949,8.971035,2.026857,8.916411
2025-05-22,0.838377,0.082651,2.883325,0.900188,6.056396,1.351854,5.973745
2025-05-24,0.66128,0.191574,3.684202,1.124233,7.205902,1.544613,7.014327
2025-05-26,1.06434,0.102284,2.820005,1.042697,6.507134,1.477808,6.40485
2025-05-27,0.734035,0.476675,4.308232,1.431567,8.906935,1.956426,8.43026
2025-05-28,0.580375,0.068259,3.623584,1.074711,6.891649,1.544721,6.82339
2025-05-29,0.629694,0.219291,5.299463,1.555538,9.888372,2.184386,9.669081
2025-05-30,1.316211,0.014991,3.672033,1.120839,7.526205,1.402131,7.511214
2025-05-31,1.09016,0.208971,4.552138,1.245004,9.09267,1.996397,8.883699
2025-06-01,0.604693,0.197146,4.182826,1.089554,7.790947,1.716729,7.593802
2025-06-02,0.73899,0.121378,4.158177,1.202993,8.018871,1.797333,7.897493
2025-06-03,1.289611,0.108251,3.493485,1.058971,7.638645,1.688327,7.530394
2025-06-04,0.901099,0.195175,3.509976,1.036137,7.264083,1.621696,7.068908
2025-06-05,0.495301,0.250115,3.63386,0.898187,6.834578,1.557114,6.584462
2025-06-06,0.66836,0.241027,3.32765,0.85753,6.505571,1.411005,6.264545
2025-06-07,1.049866,0.15344,3.465149,1.191836,7.515183,1.654891,7.361743
2025-06-08,0.599595,0.375183,4.098619,1.011838,7.475767,1.390532,7.100585
2025-06-09,0.743239,0.05445,2.611114,1.146921,5.809328,1.253603,5.754878
2025-06-10,0.271919,0.54097,2.653771,0.784894,5.409697,1.158143,4.868727
2025-06-11,1.281554,0.160464,3.29574,1.151101,7.349883,1.461025,7.189419
2025-06-12,1.198507,0.055802,3.986292,1.061508,8.00702,1.704912,7.951218
2025-06-13,0.491332,0.08272,3.576185,1.156876,6.760971,1.453859,6.678252
2025-06-14,1.204062,0.086936,3.838541,1.254652,8.159451,1.775259,8.072515
2025-06-15,1.035119,0.135861,3.979951,1.20331,8.127606,1.773365,7.991746
2025-06-16,0.759322,0.062872,3.791048,1.124053,7.437352,1.700057,7.37448
2025-06-17,1.192918,0.142558,3.828485,1.314101,8.368773,1.890709,8.226214
2025-06-18,0.903775,0.155159,3.288122,1.189811,7.031504,1.494637,6.876345
2025-06-19,0.821894,0.125612,4.0503,1.344476,8.18559,1.843308,8.059978
2025-06-20,0.620498,0.196215,3.612887,0.778242,6.938158,1.730316,6.741943
2025-06-21,0.233278,0.02925,5.04388,1.38931,8.681568,1.98585,8.652318
2025-06-22,1.278942,0.058784,3.264269,0.984929,7.024205,1.437281,6.965421
2025-06-23,1.026585,0.01121,3.834559,1.168331,7.690917,1.650231,7.679706
2025-06-24,1.02873,0.044052,5.696465,1.462075,10.57686,2.345539,10.532808
2025-06-25,0.632687,0.02915,3.209629,0.855851,6.159928,1.43261,6.130778
2025-06-26,0.683431,0.055795,4.659065,1.188829,8.493782,1.906661,8.437987
2025-06-27,0.299232,0.018954,3.84697,1.031984,6.728228,1.531088,6.709274
2025-06-28,1.163542,0.13724,2.973177,0.944744,6.677924,1.459222,6.540684
2025-06-29,0.942806,0.033308,2.569733,0.938815,5.811495,1.326832,5.778186
2025-06-30,0.772468,0.042238,3.124318,1.035341,6.472596,1.498231,6.430358
2025-07-01,1.029866,0.172817,3.636861,1.113351,7.767844,1.814948,7.595026
2025-07-02,0.463332,0.206685,3.177459,1.040478,6.228081,1.340127,6.021396
2025-07-03,0.891345,0.036493,4.673439,1.433299,9.163733,2.129156,9.12724
2025-07-04,0.9033,0.08234,3.597295,0.928662,7.051457,1.53986,6.969117
2025-07-06,0.802256,0.048532,5.090921,1.54371,9.645036,2.159616,9.596504
2025-07-07,0.835163,0.02049,3.714535,1.136337,7.316131,1.609605,7.295641
2025-07-08,0.0,0.211529,3.438689,1.136656,6.107351,1.439564,6.014909
2025-07-09,1.051327,0.165407,4.140857,1.327459,8.523776,1.838727,8.35837
2025-07-10,0.419931,0.113168,3.492365,1.093305,6.582845,1.464076,6.469677
2025-07-11,0.753951,0.07705,3.13734,1.007162,6.36572,1.390216,6.288669
2025-07-12,0.619308,0.074652,3.836041,1.098197,7.173409,1.545212,7.098758
2025-07-13,1.562947,0.117084,2.537691,0.960561,6.773051,1.594769,6.655967
2025-07-14,1.516765,0.148575,3.296074,1.13979,7.939069,1.837864,7.790494
2025-07-15,0.933465,0.172165,2.998728,1.000521,6.573533,1.468654,6.401368
2025-07-16,0.64582,0.089077,3.691491,1.439087,7.584106,1.718631,7.495029
2025-07-17,1.266292,0.142143,2.589908,1.024647,6.622545,1.599556,6.480403
2025-07-18,0.785236,0.067453,3.552998,1.001731,6.793095,1.385677,6.725642
2025-07-19,0.679515,0.015179,4.810137,1.295513,8.844318,2.043974,8.82914
2025-07-20,0.782337,0.168436,3.864007,1.078023,7.557118,1.664315,7.388682
2025-07-21,0.546714,0.223932,3.919646,1.198088,7.542783,1.654403,7.318851
2025-07-22,1.037577,0.174524,2.889922,0.638749,5.906036,1.165265,5.731512
2025-07-23,1.144624,0.082609,3.378376,1.176204,7.513982,1.732168,7.431373
2025-07-24,0.722663,0.056647,4.136692,1.112948,7.732487,1.703536,7.67584
2025-07-25,0.320877,0.16646,4.825466,1.175106,8.416568,1.928659,8.250108
2025-07-26,1.392807,0.079955,4.347874,1.349733,9.008012,1.837642,8.928057
2025-07-27,0.367311,0.413283,4.21408,1.167213,7.929178,1.76729,7.515895
2025-07-28,0.291402,0.564996,3.809298,1.089087,7.17427,1.419486,6.609273
2025-07-30,0.664655,0.097406,3.911479,1.045697,7.194811,1.475573,7.097405
2025-07-31,0.463729,0.012001,4.247971,1.127653,7.531396,1.680042,7.519395
2025-08-01,0.695487,0.255631,3.094637,1.009114,6.321077,1.266207,6.065446
2025-08-02,0.356623,0.160907,4.081791,1.164637,7.541287,1.777329,7.380381
2025-08-03,0.331592,0.693562,3.471457,1.2333,7.584467,1.854557,6.890905
2025-08-04,0.964314,0.474287,3.578184,0.955602,7.584518,1.612132,7.110232
2025-08-05,0.26036,0.061639,3.565251,0.904695,6.108042,1.316096,6.046402
2025-08-06,0.503322,0.208552,3.38699,1.112847,6.733136,1.521425,6.524584
2025-08-07,0.915615,0.150231,4.010614,1.082038,7.900236,1.741738,7.750005
2025-08-08,0.0,0.601171,4.271491,1.048913,7.019352,1.431918,6.752322
2025-08-09,1.356465,0.105803,4.409846,1.217762,9.173364,2.083487,9.06756
2025-08-10,0.903251,0.044923,3.6003,1.155273,7.24238,1.538633,7.197457
2025-08-11,0.535373,0.385537,3.608854,1.0989,7.226271,1.597606,6.840734
2025-08-12,0.670879,0.373292,4.082393,1.025673,7.892634,1.740398,7.519342
2025-08-13,1.083406,0.013797,3.206113,0.963737,6.807649,1.540596,6.793852
2025-08-14,0.609708,0.52126,4.144702,1.370878,8.533881,1.887332,8.012621
2025-08-16,1.175991,0.186775,3.796028,1.234496,8.29806,1.904769,8.111284
2025-08-17,1.411621,0.139746,3.203945,1.13108,7.460764,1.574371,7.321018
2025-08-18,0.617435,0.001706,2.582286,1.090489,5.569147,1.27723,5.567441
2025-08-19,0.410619,0.172046,3.730537,0.893582,6.618575,1.411791,6.446529
2025-08-20,1.462359,0.109032,4.134613,1.12425,8.86863,2.038376,8.759598
2025-08-21,0.988858,0.168293,4.047979,1.115261,7.960054,1.639664,7.791761
2025-08-22,1.461116,0.010079,3.690682,1.082973,7.754426,1.509576,7.744347
2025-08-23,0.339149,0.385378,4.067634,1.00177,7.271972,1.478041,6.886594
2025-08-24,0.815257,0.174258,3.352418,1.063504,6.914094,1.508657,6.739836
2025-08-25,0.237471,0.024829,3.264345,0.879151,5.790836,1.38504,5.766008
2025-08-26,0.717484,0.288866,4.130524,1.309655,8.224355,1.777826,7.935489
2025-08-27,0.597268,0.258538,3.520548,1.001425,6.655672,1.277892,6.397134
2025-08-28,1.502944,0.037671,2.78298,1.196175,7.093999,1.57423,7.056329
2025-08-29,0.404002,0.029792,4.566191,1.131216,8.03149,1.900289,8.001697
2025-08-30,0.921978,0.177041,4.973687,1.524506,9.712391,2.115178,9.53535
2025-08-31,0.709378,0.450279,4.447834,1.359544,9.081464,2.114428,8.631185
2025-09-01,0.672446,0.391771,4.129641,1.287586,8.377351,1.895905,7.985579
2025-09-02,0.678611,0.108246,3.794272,1.010164,7.099085,1.507792,6.990839
2025-09-03,0.949475,0.116627,3.221986,1.063874,6.684497,1.332535,6.56787
2025-09-04,0.658393,0.272861,4.067275,1.117678,7.96123,1.845023,7.688369
2025-09-05,1.177189,0.013068,3.307974,1.010075,7.137214,1.628907,7.124145
2025-09-06,0.67432,0.149977,4.220943,1.215252,7.861025,1.600532,7.711048
2025-09-07,1.127838,0.003251,3.894284,1.313519,8.014672,1.675779,8.01142
2025-09-08,1.371685,0.325126,3.431025,1.284195,8.109829,1.697798,7.784703
2025-09-09,0.57467,0.069827,4.528673,1.360492,8.322717,1.789055,8.252891
2025-09-10,0.315136,0.34071,3.824328,0.983456,6.813064,1.349434,6.472354
2025-09-11,0.722931,0.347164,4.925525,1.503503,9.513699,2.014576,9.166535
2025-09-12,1.028101,0.068835,3.288312,0.851731,6.678515,1.441537,6.60968
2025-09-13,1.713512,0.018796,4.272821,1.385077,9.407298,2.017091,9.388501
2025-09-14,0.509042,0.16564,4.071352,0.999527,7.319819,1.574259,7.15418
2025-09-15,0.43647,0.767517,3.548005,1.144118,7.675175,1.779065,6.907657
2025-09-16,1.095466,0.018085,2.736047,0.702018,5.890479,1.338863,5.872394
2025-09-18,0.731479,0.035841,4.236079,1.086252,7.756171,1.666521,7.72033
2025-09-19,0.657419,0.112365,3.807647,0.967538,7.152814,1.607844,7.040449
2025-09-20,0.493401,0.139887,4.087713,1.048096,7.170511,1.401413,7.030624
2025-09-21,0.482804,0.349612,4.169522,1.233823,8.113771,1.87801,7.764159
2025-09-22,0.650216,0.586799,2.662508,0.699494,5.867985,1.268969,5.281187
2025-09-23,1.286563,0.113568,3.502676,1.115258,7.561883,1.543819,7.448316
2025-09-24,0.351595,0.29744,3.982239,0.927442,7.011114,1.452398,6.713674
2025-09-25,0.618873,0.131643,3.181528,1.00373,6.40378,1.468006,6.272137
2025-09-26,1.104038,0.22546,3.887229,1.157669,8.108736,1.73434,7.883276
2025-09-27,1.028714,0.034727,4.178107,1.386446,8.342297,1.714303,8.307571
2025-09-28,1.460971,0.051433,2.431257,0.855453,6.169295,1.370181,6.117862
2025-09-29,0.53975,0.480673,3.846232,0.999323,7.602859,1.736881,7.122186
2025-09-30,0.613472,0.172584,2.897066,0.722309,5.607238,1.201806,5.434654
2025-10-01,0.536065,0.387485,3.326112,0.844115,6.64846,1.554683,6.260976
2025-10-02,0.778405,0.291544,3.329661,0.969602,6.973468,1.604257,6.681925
2025-10-03,1.637068,0.032363,2.965985,1.010601,7.117548,1.471532,7.085185
2025-10-04,0.952636,0.135352,4.185665,1.246137,8.425975,1.906186,8.290623
2025-10-05,1.517213,0.007703,2.832209,0.940715,6.7288,1.430959,6.721096
2025-10-06,1.051716,0.107595,3.910072,1.222486,8.187933,1.896064,8.080338
2025-10-07,1.119656,0.095403,3.259058,0.949647,6.898056,1.474292,6.802653
2025-10-08,0.158448,0.19119,3.605564,0.954531,6.150227,1.240494,5.959037
2025-10-10,0.881209,0.019637,4.721288,1.184661,8.838027,2.031232,8.81839
2025-10-11,0.598392,0.074223,2.679722,0.826896,5.520794,1.341561,5.446572
2025-10-12,0.527928,0.288188,4.192546,1.191997,7.889342,1.688683,7.601154
2025-10-13,1.480307,0.001424,3.868604,0.925032,7.912981,1.637614,7.911556
2025-10-14,0.868878,0.624623,3.420593,1.336371,8.119689,1.869224,7.495066
2025-10-15,1.111768,0.027041,3.979325,1.066927,8.028775,1.843712,8.001733
2025-10-16,1.488483,0.184103,4.091038,1.194959,8.90723,1.948647,8.723127
2025-10-17,1.328182,0.351965,3.680296,1.464326,8.707994,1.883225,8.356029
2025-10-18,0.92709,0.072254,4.136243,1.264857,8.235341,1.834897,8.163087
2025-10-19,0.971805,0.017412,3.109136,0.863441,6.280814,1.319019,6.263402
2025-10-20,0.728367,0.194312,4.907294,1.36968,9.299251,2.099598,9.104939
2025-10-22,0.944297,0.152523,4.190252,1.076731,8.004582,1.640778,7.852059
2025-10-24,1.073126,0.04252,3.18155,0.962666,6.831864,1.572002,6.789344
2025-10-25,0.56081,0.275389,3.720914,1.045553,7.116785,1.514119,6.841396
2025-10-26,0.0,0.796142,4.370995,1.136452,7.961425,1.750844,7.258292
2025-10-27,1.196707,0.176749,3.694569,1.255811,7.94052,1.616683,7.76377
2025-10-28,0.48725,0.217906,3.713795,1.218311,6.989879,1.352617,6.771974
2025-10-29,1.452626,0.00411,4.215742,1.516185,9.140397,1.951734,9.136287
2025-10-30,0.90969,0.132251,4.266583,1.360294,8.554778,1.885961,8.422527
2025-10-31,0.578331,0.483429,3.775837,1.196309,7.709916,1.676009,7.226486
2025-11-01,1.002157,0.183737,4.8282,1.383017,9.518077,2.120966,9.33434
2025-11-03,1.102018,0.195194,3.465608,0.975398,7.155936,1.417719,6.960743
2025-11-04,0.360455,0.162706,3.080616,1.1128,6.151823,1.435246,5.989117
2025-11-05,1.418648,0.208883,4.116565,1.235692,8.66751,1.687721,8.458627
2025-11-07,0.403168,0.027187,3.274292,0.919402,5.979734,1.355685,5.952546
2025-11-08,1.105446,0.013868,4.426111,1.154697,8.660348,1.960227,8.64648
2025-11-10,0.491715,0.104863,3.934157,1.134795,7.286125,1.620594,7.181261
2025-11-11,0.397214,0.47603,4.210644,1.325754,8.398669,1.989028,7.922639
2025-11-12,1.322841,0.014613,4.297251,1.229692,8.538606,1.674209,8.523993
2025-11-13,1.023785,0.222525,3.899012,1.151516,7.890366,1.593529,7.667842
2025-11-14,0.897187,0.22116,4.578696,1.415167,9.215908,2.103698,8.994748
2025-11-15,0.299939,0.280333,3.639202,1.029067,6.75951,1.510968,6.479177
2025-11-16,0.907868,0.655966,4.489983,1.403731,9.584713,2.127165,8.928747
2025-11-17,1.344162,0.075502,3.975339,0.959658,8.286406,1.931745,8.210904
2025-11-18,0.0,0.24835,3.91667,1.178644,6.892431,1.591426,6.686741
2025-11-19,0.639608,0.131948,4.023009,1.017777,7.369074,1.556732,7.237126
2025-11-20,0.547079,0.887847,4.23778,1.326292,8.878467,1.87947,7.990621
2025-11-21,1.280283,0.302902,3.310117,1.077341,7.507363,1.536719,7.204461
2025-11-22,0.0,0.164146,3.285034,1.115202,5.769737,1.273023,5.673259
2025-11-23,0.643827,0.028101,3.096548,0.945117,6.181032,1.467439,6.152931
2025-11-24,0.507177,0.543582,3.171861,0.88163,6.548816,1.444565,6.005234
2025-11-25,1.142287,0.121878,3.019691,1.165885,6.935804,1.486063,6.813926
2025-11-26,1.39161,0.166826,3.260246,1.168421,7.568372,1.581269,7.401546
2025-11-27,1.106166,0.001871,3.3265,1.054518,7.1001,1.611045,7.098229
2025-11-28,1.174976,0.189954,3.598027,1.099435,7.55837,1.495978,7.368416
2025-11-29,0.312062,0.066958,3.932893,1.017683,6.726544,1.396948,6.659586
2025-12-01,0.361303,0.491475,3.726348,1.141149,7.366488,1.646212,6.875013
2025-12-02,0.793263,0.008975,3.800092,1.019501,7.214969,1.593138,7.205995
2025-12-03,0.900757,8e-05,2.827158,0.938188,5.876261,1.210079,5.876181
2025-12-04,1.215852,0.664381,2.868429,0.940178,7.1799,1.49106,6.515518
2025-12-05,1.043251,0.019866,3.607194,1.078681,7.443944,1.694951,7.424078
2025-12-06,0.500646,0.140264,4.981642,1.194421,8.793299,1.976327,8.653035
2025-12-07,0.881077,0.016241,3.791001,1.191335,7.615443,1.735789,7.599202
2025-12-08,0.860831,0.20399,3.119671,0.711335,6.255233,1.359406,6.051243
2025-12-09,0.864476,0.006342,2.768115,0.973197,5.843619,1.23149,5.837277
2025-12-10,0.164116,0.559506,2.874792,0.780607,5.595064,1.216043,5.035558
2025-12-12,1.058079,0.131694,4.039245,1.239473,8.126435,1.657945,7.994741
2025-12-13,1.341464,0.048476,3.847966,1.260439,8.197587,1.699242,8.149111
2025-12-14,0.937203,0.010213,3.973987,1.006125,7.529191,1.601663,7.518978
2025-12-15,0.134758,0.236745,4.608129,1.17979,7.957324,1.797902,7.72058
2025-12-16,0.837282,0.245273,2.904775,0.700362,5.752778,1.065086,5.507506
2025-12-17,0.643763,0.03689,3.575723,1.392104,7.215163,1.566682,7.178273
2025-12-18,0.824819,0.155572,3.826146,1.128233,7.795233,1.860463,7.639661
2025-12-19,0.489989,0.041917,2.489591,1.049671,5.195788,1.12462,5.153871
2025-12-20,0.7055,0.025785,4.734192,1.312379,8.603218,1.825362,8.577432
2025-12-21,0.407775,0.112769,2.737593,0.678228,5.064688,1.128323,4.951919
2025-12-22,0.894628,0.019906,3.847438,1.018576,7.533719,1.753171,7.513813
2025-12-23,1.075478,0.332419,2.949212,1.024563,6.903105,1.521433,6.570686
2025-12-24,1.011251,0.01357,3.59589,0.979214,7.263551,1.663626,7.249981
2025-12-25,0.242642,0.221497,3.230986,0.716531,5.595325,1.183669,5.373828
2025-12-26,1.641174,0.058645,3.570205,1.029401,7.858345,1.55892,7.799699
2025-12-27,1.773263,0.017965,4.915329,1.471945,10.42727,2.248768,10.409305
2025-12-28,1.503531,0.126666,3.76259,1.078691,8.112332,1.640856,7.985667
2025-12-29,0.835283,0.067437,3.410079,1.204194,7.19902,1.682027,7.131582
2025-12-30,1.137216,0.06559,3.286701,0.974281,6.933295,1.469507,6.867705
2025-12-31,0.783697,0.083,3.494726,1.065706,6.864459,1.437329,6.781459
2026-01-01,0.552739,0.153751,3.055333,0.800589,5.882199,1.319787,5.728448
2026-01-02,1.475606,0.051032,3.636004,1.077966,8.172293,1.931686,8.121262
2026-01-03,0.657676,0.093504,2.51174,0.76232,5.233948,1.208708,5.140444
2026-01-04,0.461556,0.340644,4.2775,1.035529,7.950963,1.835733,7.610318
2026-01-06,0.347485,0.00257,2.594975,0.959481,5.002153,1.097642,4.999583
2026-01-07,0.887836,0.137164,2.552629,0.808154,5.510184,1.124402,5.373021
2026-01-08,0.0,0.329509,3.889369,1.017372,6.715124,1.514894,6.421635
2026-01-09,0.930317,0.016315,2.6118,0.986017,5.847701,1.303251,5.831385
2026-01-10,0.20966,0.357825,3.696598,1.11581,7.101493,1.7216,6.743668
2026-01-11,1.198731,0.079185,3.512781,1.13789,7.663066,1.73448,7.583882
2026-01-12,1.211475,0.05468,3.607677,1.106393,7.753707,1.773483,7.699027
2026-01-13,0.543023,0.260843,3.510254,1.390494,7.342158,1.637543,7.081315
2026-01-14,0.28848,0.060072,4.966232,1.537419,8.857461,2.005259,8.797389
2026-01-15,0.692447,0.241659,3.482836,1.205182,7.207925,1.585801,6.966266
2026-01-16,1.492497,0.012634,2.68552,0.836535,6.401345,1.374159,6.388711
2026-01-17,1.084439,0.105163,3.943227,1.256156,8.203065,1.814081,8.097902
2026-01-18,1.449945,0.141814,4.675905,1.322257,9.708419,2.118499,9.566605
2026-01-19,0.610671,0.255034,4.290038,1.138485,8.102964,1.808736,7.84793
2026-01-20,0.905301,0.274331,3.582173,0.992217,7.391312,1.63729,7.116981
2026-01-22,0.7173,0.222814,4.763581,1.396982,9.15331,2.052633,8.930496
2026-01-23,0.854924,0.147571,4.863559,1.582746,9.49137,2.04257,9.343799
2026-01-24,1.046438,0.025012,3.849275,1.244018,7.934941,1.770198,7.909929
2026-01-25,0.512326,0.077186,3.406485,1.061607,6.501693,1.44409,6.424507
2026-01-26,1.473663,0.075137,3.632891,1.083784,7.96795,1.702475,7.892813
2026-01-27,0.77769,0.07729,3.894071,1.060762,7.28585,1.476037,7.208559
2026-01-28,0.691696,0.034214,3.854601,1.136153,7.44128,1.724616,7.407066
2026-01-29,0.674647,0.462886,4.897581,1.43705,9.678562,2.206398,9.215676
2026-01-30,1.32488,0.07909,4.913556,1.467052,9.992184,2.207607,9.913094
2026-01-31,1.056994,0.035997,2.591087,0.666774,5.534444,1.183591,5.498447
2026-02-01,0.803061,0.014994,3.057388,0.99723,6.073173,1.2005,6.058179
2026-02-02,0.51392,0.129632,4.405308,1.343443,8.320232,1.92793,8.190601
2026-02-03,0.902866,0.088482,3.679854,1.141633,7.609572,1.796736,7.52109
2026-02-04,0.522246,0.293737,4.744601,1.295264,8.877181,2.021332,8.583444
2026-02-05,0.088236,0.276712,4.094944,1.400378,7.57451,1.71424,7.297798
2026-02-06,0.590502,0.019668,3.991398,1.095871,7.549328,1.85189,7.529661
2026-02-07,0.475242,0.015022,3.661322,1.086365,6.664311,1.42636,6.649289
2026-02-08,1.340754,0.107034,3.585659,1.229965,8.076451,1.81304,7.969417
2026-02-09,1.094085,0.010082,2.842195,0.79959,6.221647,1.475695,6.211565
2026-02-11,0.594239,0.118578,4.336356,1.029105,7.725258,1.64698,7.60668
2026-02-12,0.163838,0.534246,3.913931,1.108043,7.364474,1.644415,6.830228
2026-02-14,0.999007,0.149925,3.40729,1.10781,7.337296,1.673264,7.187371
2026-02-15,1.075907,0.185145,3.651102,1.101171,7.733043,1.719718,7.547898
2026-02-16,0.337253,0.037573,3.621179,1.22448,6.604646,1.384161,6.567073
2026-02-17,1.484246,0.027436,3.8909,1.329202,8.540954,1.809171,8.513518
2026-02-18,0.860539,0.444792,3.910081,1.303549,8.32235,1.803389,7.877558
2026-02-19,0.506644,0.215423,3.432198,1.16376,6.738175,1.420151,6.522752
2026-02-20,1.178822,0.140191,2.905406,1.032773,6.683845,1.426653,6.543654
2026-02-21,0.69638,0.455186,3.004752,1.113661,6.697801,1.427821,6.242615
2026-02-22,0.789126,0.08369,3.494092,1.050704,7.015742,1.598129,6.932051
2026-02-23,1.109927,0.112034,3.670291,0.986786,7.563649,1.684611,7.451615
2026-02-24,0.967987,0.059399,3.102267,1.081505,6.72697,1.515812,6.667571
2026-02-26,0.489507,0.564481,2.896012,0.735044,6.017586,1.332542,5.453105
2026-02-27,0.469063,0.260082,3.0473,0.702625,5.560595,1.081525,5.300513
2026-02-28,1.391709,0.418401,3.528902,1.097366,8.211192,1.774814,7.792792
2026-03-01,1.111903,0.406663,4.58749,1.367664,9.738353,2.264632,9.33169
2026-03-02,0.600328,0.190664,3.355959,1.147498,6.7729,1.478451,6.582236
2026-03-03,0.622927,0.070125,3.22529,1.067194,6.460371,1.474835,6.390246
2026-03-04,1.253924,0.043803,2.377013,0.804557,5.704009,1.224712,5.660206
2026-03-05,0.710767,0.001697,3.319048,0.777311,6.024589,1.215765,6.022891
2026-03-06,0.344316,0.097894,4.086289,1.343721,7.588236,1.716015,7.490341
2026-03-07,1.71954,0.100203,4.271424,1.398577,9.659739,2.169995,9.559537
2026-03-08,0.66688,0.116512,3.113972,1.10427,6.414077,1.412443,6.297565
2026-03-09,0.541596,0.432437,4.220382,1.025011,7.966755,1.747328,7.534318
2026-03-10,0.950743,0.13554,3.125008,0.970635,6.775232,1.593306,6.639692
2026-03-11,1.80266,0.025854,3.549281,1.357132,8.519777,1.78485,8.493922
2026-03-12,1.547682,0.016587,4.314239,1.304777,9.267024,2.083739,9.250438
2026-03-13,1.080808,0.036985,3.945577,1.260984,8.158954,1.8346,8.121969
2026-03-14,0.782523,0.025997,4.424517,1.078233,8.005211,1.693942,7.979215
2026-03-15,0.4628,0.20489,3.176235,0.631611,5.696596,1.221061,5.491706
2026-03-16,1.037542,0.261032,3.227143,1.101299,7.112751,1.485734,6.851719
2026-03-17,0.598321,0.356252,3.633421,1.351156,7.651033,1.711884,7.294781
2026-03-18,0.806118,0.006292,3.246878,1.248023,6.725538,1.418228,6.719246
2026-03-19,0.699426,0.472572,3.574282,1.009371,7.422227,1.666577,6.949655
2026-03-20,0.803307,0.047399,4.425501,1.154766,8.310578,1.879604,8.263178
2026-03-21,1.129492,0.120757,3.153858,1.14417,7.181384,1.633106,7.060627
2026-03-22,0.809616,0.075621,4.272055,1.117331,7.95147,1.676846,7.875849
2026-03-23,0.963322,0.02207,3.110775,1.082508,6.629446,1.45077,6.607375
2026-03-24,0.643936,0.090425,3.527484,1.045151,6.883635,1.576639,6.79321
2026-03-25,1.216412,0.05001,3.85665,1.461556,8.361185,1.776556,8.311175
2026-03-26,0.0,0.449036,4.137674,1.020416,7.347909,1.792875,6.950965
2026-03-27,0.966508,0.104203,4.088584,1.04283,7.902945,1.70082,7.798742
2026-03-28,1.215628,0.205562,3.355189,1.092067,7.638832,1.770386,7.43327
2026-03-29,0.749817,0.386355,3.768102,1.123674,7.677778,1.649829,7.291423
2026-03-30,0.386371,0.006334,4.076255,1.090147,7.067956,1.508849,7.061622
2026-03-31,1.109103,0.053441,4.423852,1.105587,8.473366,1.781383,8.419925
2026-04-01,0.947746,0.081103,5.041935,1.437246,9.59053,2.0825,9.509427
2026-04-02,0.0,0.231594,3.453899,1.022429,5.767126,1.222706,5.699034
2026-04-03,1.436792,0.133129,3.634591,1.037825,8.124288,1.881951,7.991159
2026-04-04,0.871816,0.21619,3.428104,1.10129,7.132298,1.514898,6.916107
2026-04-05,1.154569,0.471454,4.383743,1.442737,9.598732,2.146229,9.127278
2026-04-06,0.465765,0.72436,3.220676,1.21225,7.243597,1.620546,6.519238
2026-04-07,0.217158,0.294294,3.248152,1.105122,6.233103,1.368377,5.93881
2026-04-08,0.251768,0.055463,3.783074,1.076734,6.529616,1.362578,6.474153
2026-04-09,0.509858,0.212808,2.911359,0.762071,5.666436,1.27034,5.453628
2026-04-10,1.146501,0.093555,3.907049,1.271609,8.237626,1.818911,8.144071
2026-04-11,1.032361,0.067902,3.481646,1.106637,7.347702,1.659156,7.2798
2026-04-12,0.650583,0.004491,4.640218,1.319258,8.466041,1.851492,8.46155
2026-04-13,0.542172,0.347229,3.797889,1.112812,7.266903,1.466801,6.919674
